 28897, 28937, 28978,  28998 ,22.00 ,69.00 ,2004 ,31 ,13
 28897, 28917, 28958,  28998 ,22.00 ,69.00 ,2004 ,31 ,13
 28897, 28917, 28958,  29018 ,22.00 ,69.00 ,2004 ,31 ,13
 28897, 28917, 28958,  28998 ,22.00 ,69.00 ,2004 ,31 ,13
 28897, 28917, 28958,  28998 ,22.00 ,69.00 ,2004 ,31 ,13
 28897, 28917, 28958,  28998 ,22.00 ,69.00 ,2004 ,31 ,13
 28897, 28917, 28978,  28998 ,22.00 ,69.00 ,2004 ,31 ,13
 28897, 28917, 28958,  28998 ,22.00 ,69.00 ,2004 ,31 ,13
 28897, 28917, 28958,  29018 ,22.00 ,69.00 ,2004 ,31 ,13
 28897, 28917, 28978,  29018 ,22.00 ,69.00 ,2004 ,31 ,13
 28897, 28917, 28958,  28998 ,22.00 ,69.00 ,2004 ,31 ,13
 28897, 28917, 28978,  29018 ,22.00 ,69.00 ,2004 ,31 ,13
 28897, 28917, 28978,  28998 ,22.00 ,69.00 ,2004 ,31 ,13
 28897, 28937, 28978,  29018 ,22.00 ,69.00 ,2004 ,31 ,13
 28897, 28937, 28978,  28998 ,22.00 ,69.00 ,2004 ,31 ,13
 28897, 28937, 28978,  28998 ,22.00 ,69.00 ,2004 ,31 ,13
 28897, 28937, 28978,  28998 ,22.00 ,69.00 ,2004 ,31 ,13
 28897, 28937, 28978,  28998 ,22.00 ,69.00 ,2004 ,31 ,13
 28897, 28937, 28978,  29018 ,22.00 ,69.00 ,2004 ,31 ,13
 28897, 28937, 28978,  29018 ,22.00 ,69.00 ,2004 ,31 ,13
 28897, 28937, 28978,  28998 ,22.00 ,69.00 ,2004 ,31 ,13
 28897, 28937, 28978,  29018 ,22.00 ,69.00 ,2004 ,31 ,13
 28897, 28937, 28978,  29018 ,22.00 ,69.00 ,2004 ,31 ,13
 28897, 28937, 28978,  28998 ,22.00 ,69.00 ,2004 ,31 ,13
 28897, 28937, 28978,  28998 ,22.00 ,69.00 ,2004 ,31 ,13
 28897, 28937, 28978,  28998 ,22.00 ,69.00 ,2004 ,31 ,13
 28897, 28937, 28978,  28998 ,22.00 ,69.00 ,2004 ,31 ,13
 28897, 28937, 28978,  29018 ,22.00 ,69.00 ,2004 ,31 ,13
 28897, 28937, 28978,  28998 ,22.00 ,69.00 ,2004 ,31 ,13
 28897, 28937, 28978,  29018 ,22.00 ,69.00 ,2004 ,31 ,13
 28897, 28937, 28978,  28998 ,22.00 ,69.00 ,2004 ,31 ,13
 28897, 28937, 28978,  29018 ,22.00 ,69.00 ,2004 ,31 ,13
 28897, 28937, 28978,  29018 ,22.00 ,69.00 ,2004 ,31 ,13
 28897, 28937, 28978,  28998 ,22.00 ,69.00 ,2004 ,31 ,13
 28897, 28937, 28978,  29018 ,22.00 ,69.00 ,2004 ,31 ,13
 28877, 28937, 28978,  28998 ,22.00 ,69.00 ,2004 ,31 ,13
 28897, 28937, 28978,  28998 ,22.00 ,69.00 ,2004 ,31 ,13
 28897, 28937, 28978,  29018 ,22.00 ,69.00 ,2004 ,31 ,13
 28897, 28937, 28978,  29018 ,22.00 ,69.00 ,2004 ,31 ,13
 28897, 28937, 28978,  29018 ,22.00 ,69.00 ,2004 ,31 ,13
 28877, 28937, 28978,  29018 ,22.00 ,69.00 ,2004 ,31 ,13
 28897, 28937, 28978,  28998 ,22.00 ,69.00 ,2004 ,31 ,13
 28897, 28937, 28998,  29018 ,22.00 ,69.00 ,2004 ,31 ,13
 28897, 28937, 28978,  29018 ,22.00 ,68.00 ,2004 ,31 ,13
 28897, 28937, 28978,  29018 ,22.00 ,69.00 ,2004 ,31 ,13
 28877, 28937, 28978,  28998 ,22.00 ,69.00 ,2004 ,31 ,13
 28897, 28937, 28978,  28998 ,22.00 ,69.00 ,2004 ,31 ,13
 28897, 28937, 28978,  28998 ,22.00 ,69.00 ,2004 ,31 ,13
 28897, 28937, 28978,  29018 ,22.00 ,69.00 ,2004 ,31 ,13
 28897, 28937, 28978,  29018 ,22.00 ,69.00 ,2004 ,31 ,13
 28897, 28937, 28998,  29018 ,22.00 ,69.00 ,2004 ,31 ,13
 28897, 28937, 28978,  29018 ,22.00 ,69.00 ,2004 ,31 ,13
 28897, 28937, 28978,  29018 ,22.00 ,69.00 ,2004 ,31 ,13
 28897, 28937, 28978,  29018 ,22.00 ,69.00 ,2004 ,31 ,13
 28897, 28937, 28998,  29018 ,22.00 ,68.00 ,2004 ,31 ,13
 28897, 28937, 28978,  28998 ,22.00 ,68.00 ,2004 ,31 ,13
 28897, 28937, 28998,  29039 ,22.00 ,68.00 ,2004 ,31 ,13
 28877, 28937, 28978,  28998 ,22.00 ,68.00 ,2004 ,31 ,13
 28877, 28937, 28978,  29018 ,22.00 ,68.00 ,2004 ,31 ,13
 28897, 28937, 28998,  28998 ,22.00 ,68.00 ,2004 ,31 ,13
 28897, 28937, 28978,  29039 ,22.00 ,68.00 ,2004 ,31 ,13
 28897, 28937, 28978,  29018 ,22.00 ,68.00 ,2004 ,31 ,13
 28897, 28937, 28978,  29018 ,22.00 ,68.00 ,2004 ,31 ,13
 28897, 28937, 28978,  29039 ,22.00 ,68.00 ,2004 ,31 ,13
 28897, 28937, 28998,  29018 ,22.00 ,68.00 ,2004 ,31 ,13
 28897, 28937, 28998,  29039 ,22.00 ,68.00 ,2004 ,31 ,13
 28897, 28937, 28998,  29039 ,22.00 ,68.00 ,2004 ,31 ,13
 28897, 28937, 28998,  29039 ,22.00 ,68.00 ,2004 ,31 ,13
 28897, 28937, 28998,  29039 ,22.00 ,68.00 ,2004 ,31 ,13
 28897, 28937, 28998,  29018 ,22.00 ,68.00 ,2004 ,31 ,13
 28897, 28937, 28998,  29039 ,22.00 ,68.00 ,2004 ,31 ,13
 28897, 28937, 28998,  29018 ,22.00 ,68.00 ,2004 ,31 ,13
 28897, 28937, 28998,  29039 ,22.00 ,68.00 ,2004 ,31 ,13
 28897, 28937, 28998,  29039 ,22.00 ,68.00 ,2004 ,31 ,13
 28897, 28937, 28998,  29039 ,22.00 ,68.00 ,2004 ,31 ,13
 28897, 28937, 28998,  29039 ,22.00 ,68.00 ,2004 ,31 ,13
 28897, 28937, 28998,  28998 ,22.00 ,68.00 ,2004 ,31 ,13
 28897, 28937, 28998,  29039 ,22.00 ,68.00 ,2004 ,31 ,13
 28897, 28937, 28998,  29018 ,22.00 ,68.00 ,2004 ,31 ,13
 28897, 28937, 28998,  29039 ,22.00 ,68.00 ,2004 ,31 ,13
 28897, 28937, 28998,  29018 ,22.00 ,68.00 ,2004 ,31 ,13
 28897, 28937, 28998,  29039 ,22.00 ,68.00 ,2004 ,31 ,13
 28897, 28937, 28998,  29039 ,22.00 ,68.00 ,2004 ,31 ,13
 28897, 28937, 28998,  29039 ,22.00 ,68.00 ,2004 ,31 ,13
 28897, 28937, 28998,  29039 ,22.00 ,68.00 ,2004 ,31 ,13
 28897, 28937, 28998,  29039 ,22.00 ,68.00 ,2004 ,31 ,13
 28897, 28937, 28998,  29018 ,22.00 ,68.00 ,2004 ,31 ,13
 28897, 28937, 28998,  29039 ,22.00 ,68.00 ,2004 ,31 ,13
 28897, 28937, 28998,  29039 ,22.00 ,68.00 ,2004 ,31 ,13
 28897, 28937, 28998,  29039 ,22.00 ,68.00 ,2004 ,31 ,13
 28897, 28937, 28998,  29039 ,22.00 ,68.00 ,2004 ,31 ,13
 28897, 28937, 28998,  29039 ,22.00 ,68.00 ,2004 ,31 ,13
 28897, 28937, 28998,  29039 ,22.00 ,68.00 ,2004 ,31 ,13
 28897, 28937, 28998,  29039 ,22.00 ,68.00 ,2004 ,31 ,13
 28897, 28937, 28998,  29039 ,22.00 ,68.00 ,2004 ,31 ,13
 28897, 28937, 28998,  29039 ,22.00 ,68.00 ,2004 ,31 ,13
 28897, 28937, 28998,  29039 ,22.00 ,68.00 ,2004 ,31 ,13
 28897, 28937, 28998,  29039 ,22.00 ,68.00 ,2004 ,31 ,13
 28897, 28937, 28998,  29039 ,22.00 ,68.00 ,2004 ,31 ,13
 28897, 28937, 28998,  29039 ,22.00 ,68.00 ,2004 ,31 ,13
 28897, 28937, 28998,  29039 ,22.00 ,68.00 ,2004 ,31 ,13
 28897, 28937, 28998,  29039 ,22.00 ,68.00 ,2004 ,31 ,13
 28897, 28937, 28998,  29039 ,22.00 ,68.00 ,2004 ,31 ,13
 28897, 28937, 28998,  29039 ,22.00 ,68.00 ,2004 ,31 ,13
 28897, 28937, 28998,  29018 ,22.00 ,68.00 ,2004 ,31 ,13
 28897, 28937, 28998,  29039 ,22.00 ,68.00 ,2004 ,31 ,13
 28897, 28937, 28998,  29039 ,22.00 ,68.00 ,2004 ,31 ,13
 28897, 28937, 28998,  29039 ,22.00 ,68.00 ,2004 ,31 ,13
 28897, 28937, 28998,  29039 ,22.00 ,68.00 ,2004 ,31 ,13
 28897, 28937, 28998,  29039 ,22.00 ,68.00 ,2004 ,31 ,13
 28897, 28937, 28998,  29039 ,22.00 ,68.00 ,2004 ,31 ,13
 28897, 28937, 29018,  29039 ,22.00 ,68.00 ,2004 ,31 ,13
 28897, 28937, 28998,  29039 ,22.00 ,68.00 ,2004 ,31 ,13
 28897, 28937, 28998,  29039 ,22.00 ,68.00 ,2004 ,31 ,13
 28897, 28937, 28998,  29039 ,22.00 ,68.00 ,2004 ,31 ,13
 28897, 28937, 28998,  29039 ,22.00 ,68.00 ,2004 ,31 ,13
 28897, 28937, 28998,  29039 ,22.00 ,68.00 ,2004 ,31 ,13
 28897, 28937, 28998,  29039 ,22.00 ,68.00 ,2004 ,31 ,13
 28897, 28937, 28998,  29039 ,22.00 ,68.00 ,2004 ,31 ,13
 28897, 28937, 28998,  29039 ,22.00 ,68.00 ,2004 ,31 ,13
 28897, 28937, 28978,  29039 ,22.00 ,68.00 ,2004 ,31 ,13
 28897, 28937, 28998,  29039 ,22.00 ,68.00 ,2004 ,31 ,13
 28897, 28937, 28998,  29039 ,22.00 ,68.00 ,2004 ,31 ,13
 28897, 28937, 28998,  29039 ,22.00 ,68.00 ,2004 ,31 ,13
 28897, 28937, 28998,  29039 ,22.00 ,68.00 ,2004 ,31 ,13
 28897, 28937, 28998,  29039 ,22.00 ,68.00 ,2004 ,31 ,13
 28897, 28937, 28998,  29039 ,22.00 ,68.00 ,2004 ,31 ,13
 28897, 28937, 28998,  29039 ,22.00 ,68.00 ,2004 ,31 ,13
 28897, 28937, 28998,  29039 ,22.00 ,68.00 ,2004 ,31 ,13
 28897, 28937, 28998,  29039 ,22.00 ,68.00 ,2004 ,31 ,13
 28897, 28937, 28998,  29039 ,22.00 ,68.00 ,2004 ,31 ,13
 28897, 28937, 28998,  29039 ,22.00 ,68.00 ,2004 ,31 ,13
 28897, 28937, 28998,  29039 ,22.00 ,68.00 ,2004 ,31 ,13
 28897, 28937, 28998,  29039 ,22.00 ,68.00 ,2004 ,31 ,13
 28897, 28937, 28998,  29039 ,22.00 ,68.00 ,2004 ,31 ,13
 28897, 28937, 28998,  29039 ,22.00 ,68.00 ,2004 ,31 ,13
 28897, 28937, 28998,  29039 ,22.00 ,68.00 ,2004 ,31 ,13
 28897, 28937, 28998,  29039 ,22.00 ,68.00 ,2004 ,31 ,13
 28897, 28937, 28998,  29039 ,22.00 ,68.00 ,2004 ,31 ,13
 28897, 28937, 28998,  29039 ,22.00 ,68.00 ,2004 ,31 ,13
 28897, 28937, 28998,  29039 ,22.00 ,68.00 ,2004 ,31 ,13
 28897, 28937, 28998,  29039 ,22.00 ,68.00 ,2004 ,31 ,13
 28897, 28937, 28998,  29039 ,22.00 ,68.00 ,2004 ,31 ,13
 28897, 28937, 28998,  29039 ,22.00 ,68.00 ,2004 ,31 ,13
 28897, 28937, 28998,  29039 ,22.00 ,68.00 ,2004 ,31 ,13
 28897, 28937, 28998,  29039 ,22.00 ,68.00 ,2004 ,31 ,13
 28897, 28937, 28998,  29039 ,22.00 ,68.00 ,2004 ,31 ,13
 28897, 28937, 28998,  29039 ,22.00 ,68.00 ,2004 ,31 ,13
 28897, 28937, 28998,  29039 ,22.00 ,68.00 ,2004 ,31 ,13
 28897, 28937, 28998,  29039 ,22.00 ,68.00 ,2004 ,31 ,13
 28897, 28937, 28998,  29039 ,22.00 ,68.00 ,2004 ,31 ,13
 28897, 28937, 28998,  29039 ,22.00 ,68.00 ,2004 ,31 ,13
 28897, 28937, 28998,  29039 ,22.00 ,68.00 ,2004 ,31 ,13
 28897, 28937, 28998,  29039 ,22.00 ,68.00 ,2004 ,31 ,13
 28897, 28937, 28998,  29039 ,22.00 ,68.00 ,2004 ,31 ,13
 28897, 28937, 28998,  29039 ,22.00 ,68.00 ,2004 ,31 ,13
 28897, 28937, 28998,  29039 ,22.00 ,68.00 ,2004 ,31 ,13
 28897, 28937, 28998,  29039 ,22.00 ,68.00 ,2004 ,31 ,13
 28897, 28937, 28998,  29039 ,22.00 ,68.00 ,2004 ,31 ,13
 28897, 28937, 28998,  29039 ,22.00 ,68.00 ,2004 ,31 ,13
 28897, 28937, 28998,  29039 ,22.00 ,68.00 ,2004 ,31 ,13
 28897, 28937, 28998,  29039 ,22.00 ,68.00 ,2004 ,31 ,13
 28897, 28937, 28998,  29039 ,22.00 ,68.00 ,2004 ,31 ,13
 28897, 28937, 28998,  29039 ,22.00 ,68.00 ,2004 ,31 ,13
 28897, 28937, 28998,  29039 ,22.00 ,68.00 ,2004 ,31 ,13
 28897, 28937, 28998,  29039 ,22.00 ,68.00 ,2004 ,31 ,13
 28897, 28937, 28998,  29039 ,22.00 ,68.00 ,2004 ,31 ,13
 28897, 28937, 28998,  29039 ,22.00 ,68.00 ,2004 ,31 ,13
 28897, 28937, 28998,  29039 ,22.00 ,68.00 ,2004 ,31 ,13
 28897, 28937, 28998,  29039 ,22.00 ,68.00 ,2004 ,31 ,13
 28897, 28937, 28998,  29039 ,22.00 ,68.00 ,2004 ,31 ,13
 28897, 28937, 28998,  29039 ,22.00 ,68.00 ,2004 ,31 ,13
 28897, 28937, 28998,  29039 ,22.00 ,68.00 ,2004 ,31 ,13
 28897, 28937, 28998,  29039 ,22.00 ,68.00 ,2004 ,31 ,13
 28897, 28937, 28998,  29039 ,22.00 ,68.00 ,2004 ,31 ,13
 28897, 28937, 28998,  29039 ,22.00 ,68.00 ,2004 ,31 ,13
 28897, 28937, 28998,  29039 ,22.00 ,68.00 ,2004 ,31 ,13
 28897, 28937, 28998,  29039 ,22.00 ,68.00 ,2004 ,31 ,13
 28897, 28937, 28998,  29039 ,22.00 ,68.00 ,2004 ,31 ,13
 28897, 28937, 28998,  29039 ,22.00 ,68.00 ,2004 ,31 ,13
 28897, 28937, 28998,  29039 ,22.00 ,68.00 ,2004 ,31 ,13
 28897, 28937, 29018,  29039 ,22.00 ,68.00 ,2004 ,31 ,13
 28897, 28937, 28998,  29039 ,22.00 ,68.00 ,2004 ,31 ,13
 28897, 28937, 28998,  29039 ,22.00 ,68.00 ,2004 ,31 ,13
 28897, 28937, 28998,  29039 ,22.00 ,68.00 ,2004 ,31 ,13
 28897, 28937, 28998,  29039 ,22.00 ,68.00 ,2004 ,31 ,13
 28897, 28937, 28998,  29039 ,22.00 ,68.00 ,2004 ,31 ,13
 28897, 28937, 28998,  29039 ,22.00 ,68.00 ,2004 ,31 ,13
 28897, 28937, 28998,  29039 ,22.00 ,68.00 ,2004 ,31 ,13
 28897, 28937, 28998,  29039 ,22.00 ,68.00 ,2004 ,31 ,13
 28897, 28937, 28998,  29039 ,22.00 ,68.00 ,2004 ,31 ,13
 28897, 28937, 28998,  29039 ,22.00 ,68.00 ,2004 ,31 ,13
 28897, 28937, 28998,  29039 ,22.00 ,68.00 ,2004 ,31 ,13
 28897, 28937, 28998,  29039 ,22.00 ,68.00 ,2004 ,31 ,13
 28897, 28937, 28998,  29039 ,22.00 ,68.00 ,2004 ,31 ,13
 28897, 28937, 28998,  29039 ,22.00 ,68.00 ,2004 ,31 ,13
 28897, 28937, 28998,  29039 ,22.00 ,68.00 ,2004 ,31 ,13
 28897, 28937, 28998,  29039 ,22.00 ,68.00 ,2004 ,31 ,13
 28897, 28937, 28998,  29039 ,22.00 ,68.00 ,2004 ,31 ,13
 28897, 28937, 28998,  29039 ,22.00 ,68.00 ,2004 ,31 ,13
 28897, 28937, 28998,  29039 ,22.00 ,68.00 ,2004 ,31 ,13
 28897, 28937, 28998,  29039 ,22.00 ,68.00 ,2004 ,31 ,13
 28897, 28937, 28998,  29039 ,22.00 ,68.00 ,2004 ,31 ,13
 28897, 28937, 28998,  29039 ,22.00 ,68.00 ,2004 ,31 ,13
 28897, 28937, 28998,  29039 ,22.00 ,68.00 ,2004 ,31 ,13
 28897, 28937, 28998,  29039 ,22.00 ,68.00 ,2004 ,31 ,13
 28897, 28937, 28998,  29039 ,22.00 ,68.00 ,2004 ,31 ,13
 28897, 28937, 28998,  29039 ,22.00 ,68.00 ,2004 ,31 ,13
 28897, 28937, 28998,  29039 ,22.00 ,68.00 ,2004 ,31 ,13
 28897, 28937, 28998,  29039 ,22.00 ,68.00 ,2004 ,31 ,13
 28897, 28937, 28998,  29039 ,22.00 ,68.00 ,2004 ,31 ,13
 28897, 28937, 28998,  29039 ,22.00 ,68.00 ,2004 ,31 ,13
 28897, 28937, 28998,  29039 ,22.00 ,68.00 ,2004 ,31 ,13
 28897, 28937, 28998,  29039 ,22.00 ,68.00 ,2004 ,31 ,13
 28897, 28937, 28998,  29039 ,22.00 ,68.00 ,2004 ,31 ,13
 28897, 28937, 28998,  29039 ,22.00 ,68.00 ,2004 ,31 ,13
 28897, 28937, 28998,  29039 ,22.00 ,68.00 ,2004 ,31 ,13
 28897, 28937, 28998,  29039 ,22.00 ,68.00 ,2004 ,31 ,13
 28897, 28937, 28998,  29039 ,22.00 ,68.00 ,2004 ,31 ,13
 28897, 28937, 28998,  29039 ,22.00 ,68.00 ,2004 ,31 ,13
 28897, 28937, 28998,  29039 ,22.00 ,68.00 ,2004 ,31 ,13
 28897, 28937, 28998,  29039 ,22.00 ,68.00 ,2004 ,31 ,13
 28897, 28937, 28998,  29039 ,22.00 ,68.00 ,2004 ,31 ,13
 28897, 28937, 28998,  29039 ,22.00 ,68.00 ,2004 ,31 ,13
 28897, 28937, 28998,  29039 ,22.00 ,68.00 ,2004 ,31 ,13
 28897, 28937, 28998,  29039 ,22.00 ,68.00 ,2004 ,31 ,13
 28897, 28937, 28998,  29039 ,22.00 ,68.00 ,2004 ,31 ,13
 28897, 28937, 28998,  29039 ,22.00 ,68.00 ,2004 ,31 ,13
 28897, 28937, 28998,  29039 ,22.00 ,68.00 ,2004 ,31 ,13
 28897, 28937, 28998,  29039 ,22.00 ,68.00 ,2004 ,31 ,13
 28897, 28937, 29018,  29039 ,22.00 ,68.00 ,2004 ,31 ,13
 28897, 28937, 28998,  29039 ,22.00 ,68.00 ,2004 ,31 ,13
 28897, 28937, 28998,  29039 ,22.00 ,68.00 ,2004 ,31 ,13
 28897, 28937, 28998,  29039 ,22.00 ,68.00 ,2004 ,31 ,13
 28897, 28937, 28998,  29039 ,22.00 ,68.00 ,2004 ,31 ,13
 28897, 28937, 28998,  29039 ,22.00 ,68.00 ,2004 ,31 ,13
 28897, 28937, 28998,  29039 ,22.00 ,68.00 ,2004 ,31 ,13
 28897, 28937, 28998,  29039 ,22.00 ,68.00 ,2004 ,31 ,13
 28897, 28937, 28998,  29039 ,22.00 ,68.00 ,2004 ,31 ,13
 28897, 28937, 28998,  29039 ,22.00 ,68.00 ,2004 ,31 ,13
 28897, 28937, 28998,  29039 ,22.00 ,68.00 ,2004 ,31 ,13
 28897, 28937, 28998,  29039 ,22.00 ,68.00 ,2004 ,31 ,13
 28897, 28937, 28998,  29039 ,22.00 ,68.00 ,2004 ,31 ,13
 28897, 28937, 28998,  29039 ,22.00 ,68.00 ,2004 ,31 ,13
 28897, 28937, 28998,  29039 ,22.00 ,68.00 ,2004 ,31 ,13
 28897, 28937, 28998,  29039 ,22.00 ,68.00 ,2004 ,31 ,13
 28897, 28937, 28998,  29039 ,22.00 ,68.00 ,2004 ,31 ,13
 28897, 28937, 28998,  29039 ,22.00 ,68.00 ,2004 ,31 ,13
 28897, 28937, 28998,  29039 ,22.00 ,68.00 ,2004 ,31 ,13
 28897, 28937, 28998,  29039 ,22.00 ,68.00 ,2004 ,31 ,13
 28897, 28937, 28998,  29039 ,22.00 ,68.00 ,2004 ,31 ,13
 28897, 28937, 28998,  29039 ,22.00 ,68.00 ,2004 ,31 ,13
 28897, 28937, 28998,  29039 ,22.00 ,68.00 ,2004 ,31 ,13
 28897, 28937, 28998,  29039 ,22.00 ,68.00 ,2004 ,31 ,13
 28897, 28937, 29018,  29039 ,22.00 ,68.00 ,2004 ,31 ,13
 28897, 28937, 28998,  29039 ,22.00 ,68.00 ,2004 ,31 ,13
 28897, 28937, 28998,  29039 ,22.00 ,68.00 ,2004 ,31 ,13
 28897, 28937, 28998,  29039 ,22.00 ,68.00 ,2004 ,31 ,13
 28897, 28937, 28998,  29039 ,22.00 ,68.00 ,2004 ,31 ,13
 28897, 28937, 28998,  29039 ,22.00 ,68.00 ,2004 ,31 ,13
 28897, 28937, 28998,  29039 ,22.00 ,68.00 ,2004 ,31 ,13
 28897, 28937, 28998,  29039 ,22.00 ,68.00 ,2004 ,31 ,13
 28897, 28937, 29018,  29039 ,22.00 ,68.00 ,2004 ,31 ,13
 28897, 28937, 28998,  29039 ,22.00 ,68.00 ,2004 ,31 ,13
 28897, 28937, 28998,  29039 ,22.00 ,68.00 ,2004 ,31 ,13
 28897, 28937, 28998,  29039 ,22.00 ,68.00 ,2004 ,31 ,13
 28897, 28937, 28998,  29039 ,22.00 ,68.00 ,2004 ,31 ,13
 28897, 28937, 28998,  29039 ,22.00 ,68.00 ,2004 ,31 ,13
 28897, 28937, 29018,  29039 ,22.00 ,68.00 ,2004 ,31 ,13
 28897, 28937, 28998,  29039 ,22.00 ,68.00 ,2004 ,31 ,13
 28897, 28937, 28998,  29039 ,22.00 ,68.00 ,2004 ,31 ,13
 28897, 28937, 28998,  29039 ,22.00 ,68.00 ,2004 ,31 ,13
 28897, 28937, 28998,  29039 ,22.00 ,68.00 ,2004 ,31 ,13
 28897, 28937, 28998,  29039 ,22.00 ,68.00 ,2004 ,31 ,13
 28897, 28937, 29018,  29039 ,22.00 ,68.00 ,2004 ,31 ,13
 28897, 28937, 29018,  29039 ,22.00 ,68.00 ,2004 ,31 ,13
 28897, 28937, 28998,  29039 ,22.00 ,68.00 ,2004 ,31 ,13
 28897, 28937, 28998,  29039 ,22.00 ,68.00 ,2004 ,31 ,13
 28897, 28937, 28998,  29039 ,22.00 ,68.00 ,2004 ,31 ,13
 28897, 28937, 28998,  29039 ,22.00 ,68.00 ,2004 ,31 ,13
 28897, 28937, 28998,  29039 ,22.00 ,68.00 ,2004 ,31 ,13
 28897, 28937, 29018,  29039 ,22.00 ,68.00 ,2004 ,31 ,13
 28897, 28937, 28998,  29039 ,22.00 ,68.00 ,2004 ,31 ,13
 28897, 28937, 29018,  29039 ,22.00 ,68.00 ,2004 ,31 ,13
 28897, 28937, 28998,  29039 ,22.00 ,68.00 ,2004 ,31 ,13
 28897, 28937, 29018,  29039 ,22.00 ,68.00 ,2004 ,31 ,13
 28897, 28937, 29018,  29039 ,22.00 ,68.00 ,2004 ,31 ,13
 28897, 28937, 28998,  29039 ,22.00 ,68.00 ,2004 ,31 ,13
 28897, 28937, 28998,  29039 ,22.00 ,68.00 ,2004 ,31 ,13
 28897, 28937, 29018,  29039 ,22.00 ,68.00 ,2004 ,31 ,13
 28897, 28937, 29018,  29039 ,22.00 ,68.00 ,2004 ,31 ,13
 28897, 28937, 29018,  29039 ,22.00 ,68.00 ,2004 ,31 ,13
 28897, 28937, 29018,  29039 ,22.00 ,68.00 ,2004 ,31 ,13
 28897, 28937, 29018,  29039 ,22.00 ,69.00 ,2004 ,31 ,13
 28897, 28937, 28998,  29039 ,22.00 ,69.00 ,2004 ,31 ,13
 28897, 28937, 29018,  29039 ,22.00 ,69.00 ,2004 ,31 ,13
 28897, 28937, 29018,  29039 ,22.00 ,69.00 ,2004 ,31 ,13
 28897, 28937, 29018,  29039 ,22.00 ,69.00 ,2004 ,31 ,13
 28897, 28937, 28998,  29039 ,22.00 ,69.00 ,2004 ,31 ,13
 28897, 28937, 29018,  29039 ,22.00 ,68.00 ,2004 ,31 ,13
 28917, 28937, 29018,  29039 ,22.00 ,68.00 ,2004 ,31 ,13
 28917, 28958, 29018,  29039 ,22.00 ,68.00 ,2004 ,31 ,13
 28897, 28958, 29018,  29039 ,22.00 ,69.00 ,2004 ,31 ,13
 28897, 28937, 29018,  29039 ,22.00 ,69.00 ,2004 ,31 ,13
 28897, 28958, 28998,  29039 ,22.00 ,68.00 ,2004 ,31 ,13
 28917, 28937, 29018,  29039 ,22.00 ,69.00 ,2004 ,31 ,13
 28897, 28937, 29018,  29039 ,22.00 ,68.00 ,2004 ,31 ,13
 28897, 28937, 29018,  29039 ,22.00 ,69.00 ,2004 ,31 ,13
 28897, 28937, 29018,  29039 ,22.00 ,68.00 ,2004 ,31 ,13
 28897, 28937, 29018,  29039 ,22.00 ,69.00 ,2004 ,31 ,13
 28897, 28937, 29018,  29039 ,22.00 ,69.00 ,2004 ,31 ,13
 28897, 28937, 28998,  29039 ,22.00 ,69.00 ,2004 ,31 ,13
 28897, 28937, 29018,  29039 ,22.00 ,69.00 ,2004 ,31 ,13
 28897, 28937, 28998,  29039 ,22.00 ,69.00 ,2004 ,31 ,13
 28897, 28937, 29018,  29039 ,22.00 ,69.00 ,2004 ,31 ,13
 28897, 28937, 28998,  29039 ,22.00 ,69.00 ,2004 ,31 ,13
 28897, 28937, 29018,  29039 ,22.00 ,69.00 ,2004 ,31 ,13
 28897, 28937, 29018,  29039 ,22.00 ,69.00 ,2004 ,31 ,13
 28897, 28937, 29018,  29039 ,22.00 ,69.00 ,2004 ,31 ,13
 28897, 28937, 28998,  29039 ,22.00 ,69.00 ,2004 ,31 ,13
 28897, 28937, 28998,  29039 ,22.00 ,69.00 ,2004 ,31 ,13
 28897, 28937, 29018,  29039 ,22.00 ,69.00 ,2004 ,31 ,13
 28897, 28937, 29018,  29039 ,22.00 ,69.00 ,2004 ,31 ,13
 28917, 28937, 29018,  29039 ,22.00 ,69.00 ,2004 ,31 ,13
 28897, 28937, 29018,  29039 ,22.00 ,69.00 ,2004 ,31 ,13
 28897, 28937, 29018,  29039 ,22.00 ,69.00 ,2004 ,31 ,13
 28897, 28937, 28998,  29039 ,22.00 ,69.00 ,2004 ,31 ,13
 28897, 28937, 29018,  29039 ,22.00 ,69.00 ,2004 ,31 ,13
 28897, 28937, 29018,  29039 ,22.00 ,69.00 ,2004 ,31 ,13
 28897, 28937, 29018,  29039 ,22.00 ,69.00 ,2004 ,31 ,13
 28897, 28937, 29018,  29039 ,22.00 ,69.00 ,2004 ,31 ,13
 28897, 28937, 29018,  29039 ,22.00 ,69.00 ,2004 ,31 ,13
 28897, 28937, 28998,  29039 ,22.00 ,69.00 ,2004 ,31 ,13
 28897, 28937, 28998,  29039 ,22.00 ,69.00 ,2004 ,31 ,13
 28897, 28937, 29018,  29039 ,22.00 ,69.00 ,2004 ,31 ,13
 28897, 28937, 29018,  29039 ,22.00 ,69.00 ,2004 ,31 ,13
 28897, 28937, 29018,  29039 ,22.00 ,69.00 ,2004 ,31 ,13
 28897, 28937, 29018,  29039 ,22.00 ,69.00 ,2004 ,31 ,13
 28897, 28937, 28998,  29039 ,22.00 ,69.00 ,2004 ,31 ,13
 28897, 28937, 28998,  29039 ,22.00 ,69.00 ,2004 ,31 ,13
 28897, 28937, 29018,  29039 ,22.00 ,69.00 ,2004 ,31 ,13
 28897, 28937, 28998,  29039 ,22.00 ,69.00 ,2004 ,31 ,13
 28917, 28937, 29018,  29039 ,22.00 ,69.00 ,2004 ,31 ,13
 28897, 28937, 29018,  29039 ,22.00 ,69.00 ,2004 ,31 ,13
 28897, 28937, 29018,  29039 ,22.00 ,69.00 ,2004 ,31 ,13
 28897, 28937, 28998,  29039 ,22.00 ,69.00 ,2004 ,31 ,13
 28897, 28937, 29018,  29039 ,22.00 ,69.00 ,2004 ,31 ,13
 28897, 28937, 29018,  29039 ,22.00 ,69.00 ,2004 ,31 ,13
 28917, 28937, 29018,  29039 ,22.00 ,69.00 ,2004 ,31 ,13
 28897, 28937, 29018,  29039 ,22.00 ,69.00 ,2004 ,31 ,13
 28897, 28937, 29018,  29039 ,22.00 ,69.00 ,2004 ,31 ,13
 28897, 28937, 29018,  29039 ,22.00 ,69.00 ,2004 ,31 ,13
 28897, 28937, 29018,  29039 ,22.00 ,69.00 ,2004 ,31 ,13
 28897, 28937, 29018,  29039 ,22.00 ,69.00 ,2004 ,31 ,13
 28917, 28937, 29018,  29039 ,22.00 ,69.00 ,2004 ,31 ,13
 28897, 28937, 28998,  29039 ,22.00 ,69.00 ,2004 ,31 ,13
 28897, 28937, 28998,  29039 ,22.00 ,69.00 ,2004 ,31 ,13
 28897, 28937, 28998,  29039 ,22.00 ,69.00 ,2004 ,31 ,13
 28897, 28937, 28998,  29039 ,22.00 ,69.00 ,2004 ,31 ,13
 28897, 28937, 28998,  29039 ,22.00 ,69.00 ,2004 ,31 ,13
 28897, 28937, 29018,  29039 ,22.00 ,69.00 ,2004 ,31 ,13
 28897, 28937, 29018,  29039 ,22.00 ,69.00 ,2004 ,31 ,13
 28897, 28937, 28998,  29039 ,22.00 ,69.00 ,2004 ,31 ,13
 28897, 28937, 29018,  29039 ,22.00 ,69.00 ,2004 ,31 ,13
 28897, 28937, 29018,  29039 ,22.00 ,69.00 ,2004 ,31 ,13
 28897, 28937, 28998,  29039 ,22.00 ,69.00 ,2004 ,31 ,13
 28897, 28937, 29018,  29039 ,22.00 ,69.00 ,2004 ,31 ,13
 28897, 28937, 29018,  29039 ,22.00 ,69.00 ,2004 ,31 ,13
 28897, 28937, 29018,  29039 ,22.00 ,69.00 ,2004 ,31 ,13
 28917, 28937, 29018,  29039 ,22.00 ,69.00 ,2004 ,31 ,13
 28897, 28937, 29018,  29039 ,22.00 ,69.00 ,2004 ,31 ,13
 28897, 28937, 29018,  29039 ,22.00 ,69.00 ,2004 ,31 ,13
 28897, 28937, 28998,  29039 ,22.00 ,69.00 ,2004 ,31 ,13
 28897, 28937, 29018,  29039 ,22.00 ,69.00 ,2004 ,31 ,13
 28897, 28937, 29018,  29039 ,22.00 ,69.00 ,2004 ,31 ,13
 28897, 28937, 29018,  29039 ,22.00 ,69.00 ,2004 ,31 ,13
 28897, 28937, 29018,  29039 ,22.00 ,69.00 ,2004 ,31 ,13
 28897, 28937, 28998,  29039 ,22.00 ,69.00 ,2004 ,31 ,13
 28897, 28937, 29018,  29039 ,22.00 ,69.00 ,2004 ,31 ,13
 28897, 28937, 28998,  29039 ,22.00 ,69.00 ,2004 ,31 ,13
 28897, 28937, 29018,  29039 ,22.00 ,69.00 ,2004 ,31 ,13
 28897, 28937, 29018,  29039 ,22.00 ,69.00 ,2004 ,31 ,13
 28897, 28937, 29018,  29039 ,22.00 ,69.00 ,2004 ,31 ,13
 28897, 28958, 29018,  29039 ,22.00 ,69.00 ,2004 ,31 ,13
 28897, 28937, 28998,  29039 ,22.00 ,69.00 ,2004 ,31 ,13
 28897, 28937, 28998,  29039 ,22.00 ,69.00 ,2004 ,31 ,13
 28897, 28937, 29018,  29039 ,22.00 ,69.00 ,2004 ,31 ,13
 28897, 28937, 29018,  29039 ,22.00 ,69.00 ,2004 ,31 ,13
 28917, 28937, 29018,  29039 ,22.00 ,69.00 ,2004 ,31 ,13
 28897, 28937, 29018,  29039 ,22.00 ,69.00 ,2004 ,31 ,13
 28897, 28937, 29018,  29039 ,22.00 ,69.00 ,2004 ,31 ,13
 28897, 28937, 29018,  29039 ,22.00 ,69.00 ,2004 ,31 ,13
 28897, 28937, 29018,  29039 ,22.00 ,69.00 ,2004 ,31 ,13
 28897, 28937, 28998,  29039 ,22.00 ,69.00 ,2004 ,31 ,13
 28897, 28937, 29018,  29039 ,22.00 ,69.00 ,2004 ,31 ,13
 28897, 28937, 29018,  29039 ,22.00 ,69.00 ,2004 ,31 ,13
 28897, 28937, 29018,  29039 ,22.00 ,69.00 ,2004 ,31 ,13
 28917, 28937, 29018,  29039 ,22.00 ,69.00 ,2004 ,31 ,13
 28897, 28937, 28998,  29039 ,22.00 ,69.00 ,2004 ,31 ,13
 28897, 28937, 28998,  29039 ,22.00 ,69.00 ,2004 ,31 ,13
 28897, 28937, 29018,  29039 ,22.00 ,69.00 ,2004 ,31 ,13
 28897, 28937, 29018,  29039 ,22.00 ,69.00 ,2004 ,31 ,13
 28897, 28937, 29018,  29039 ,22.00 ,69.00 ,2004 ,31 ,13
 28897, 28937, 28998,  29039 ,22.00 ,69.00 ,2004 ,31 ,13
 28897, 28937, 28998,  29039 ,22.00 ,69.00 ,2004 ,31 ,13
 28897, 28937, 29018,  29039 ,22.00 ,69.00 ,2004 ,31 ,13
 28897, 28937, 29018,  29039 ,22.00 ,69.00 ,2004 ,31 ,13
 28897, 28937, 28998,  29039 ,22.00 ,69.00 ,2004 ,31 ,13
 28897, 28937, 28998,  29039 ,22.00 ,69.00 ,2004 ,31 ,13
 28897, 28937, 29018,  29039 ,22.00 ,69.00 ,2004 ,31 ,13
 28897, 28937, 29018,  29039 ,22.00 ,69.00 ,2004 ,31 ,13
 28897, 28937, 29018,  29039 ,22.00 ,69.00 ,2004 ,31 ,13
 28897, 28937, 29018,  29039 ,22.00 ,69.00 ,2004 ,31 ,13
 28897, 28937, 29018,  29039 ,22.00 ,69.00 ,2004 ,31 ,13
 28897, 28937, 29018,  29039 ,22.00 ,69.00 ,2004 ,31 ,13
 28897, 28937, 28998,  29039 ,22.00 ,69.00 ,2004 ,31 ,13
 28897, 28937, 29018,  29039 ,22.00 ,69.00 ,2004 ,31 ,13
 28897, 28937, 29018,  29039 ,22.00 ,69.00 ,2004 ,31 ,13
 28897, 28937, 28998,  29039 ,22.00 ,69.00 ,2004 ,31 ,13
 28897, 28937, 29018,  29039 ,22.00 ,69.00 ,2004 ,31 ,13
 28897, 28937, 29018,  29039 ,22.00 ,68.00 ,2004 ,31 ,13
 28897, 28937, 29018,  29039 ,22.00 ,69.00 ,2004 ,31 ,13
 28897, 28937, 29018,  29039 ,22.00 ,69.00 ,2004 ,31 ,13
 28897, 28937, 29018,  29039 ,22.00 ,69.00 ,2004 ,31 ,13
 28897, 28937, 28998,  29039 ,22.00 ,69.00 ,2004 ,31 ,13
 28897, 28937, 29018,  29039 ,22.00 ,69.00 ,2004 ,31 ,13
 28897, 28937, 29018,  29039 ,22.00 ,69.00 ,2004 ,31 ,13
 28897, 28937, 29018,  29039 ,22.00 ,69.00 ,2004 ,31 ,13
 28897, 28937, 29018,  29039 ,22.00 ,69.00 ,2004 ,31 ,13
 28897, 28958, 29018,  29039 ,22.00 ,68.00 ,2004 ,31 ,13
 28897, 28937, 29018,  29039 ,22.00 ,69.00 ,2004 ,31 ,13
 28937, 28937, 29018,  29039 ,22.00 ,69.00 ,2004 ,31 ,13
 28917, 28937, 29018,  29039 ,22.00 ,69.00 ,2004 ,31 ,13
 28897, 28937, 29018,  29039 ,22.00 ,69.00 ,2004 ,31 ,13
 28897, 28937, 29018,  29039 ,22.00 ,69.00 ,2004 ,31 ,13
 28897, 28937, 29018,  29039 ,22.00 ,68.00 ,2004 ,31 ,13
 28897, 28937, 29018,  29039 ,22.00 ,69.00 ,2004 ,31 ,13
 28897, 28937, 29018,  29039 ,22.00 ,69.00 ,2004 ,31 ,13
 28897, 28937, 29018,  29039 ,22.00 ,69.00 ,2004 ,31 ,13
 28897, 28937, 29018,  29039 ,22.00 ,69.00 ,2004 ,31 ,13
 28897, 28937, 29018,  29039 ,22.00 ,69.00 ,2004 ,31 ,13
 28897, 28937, 29018,  29039 ,22.00 ,68.00 ,2004 ,31 ,13
 28897, 28937, 29018,  29039 ,22.00 ,69.00 ,2004 ,31 ,13
 28917, 28937, 29018,  29039 ,22.00 ,69.00 ,2004 ,31 ,13
 28897, 28958, 29018,  29039 ,22.00 ,69.00 ,2004 ,31 ,13
 28897, 28937, 29018,  29039 ,22.00 ,69.00 ,2004 ,31 ,13
 28897, 28937, 29018,  29039 ,22.00 ,69.00 ,2004 ,31 ,13
 28897, 28937, 28998,  29039 ,22.00 ,69.00 ,2004 ,31 ,13
 28897, 28937, 29018,  29039 ,22.00 ,69.00 ,2004 ,31 ,13
 28917, 28958, 29018,  29039 ,22.00 ,69.00 ,2004 ,31 ,13
 28897, 28937, 29018,  29039 ,22.00 ,69.00 ,2004 ,31 ,13
 28897, 28937, 29018,  29039 ,22.00 ,69.00 ,2004 ,31 ,13
 28897, 28937, 29018,  29039 ,22.00 ,69.00 ,2004 ,31 ,13
 28917, 28937, 29018,  29039 ,22.00 ,69.00 ,2004 ,31 ,13
 28897, 28937, 29018,  29039 ,22.00 ,69.00 ,2004 ,31 ,13
 28897, 28937, 29018,  29039 ,22.00 ,69.00 ,2004 ,31 ,13
 28897, 28937, 29018,  29039 ,22.00 ,69.00 ,2004 ,31 ,13
 28897, 28937, 29018,  29039 ,22.00 ,69.00 ,2004 ,31 ,13
 28897, 28937, 29018,  29039 ,22.00 ,69.00 ,2004 ,31 ,13
 28897, 28937, 29018,  29039 ,22.00 ,69.00 ,2004 ,31 ,13
 28917, 28937, 29018,  29039 ,22.00 ,69.00 ,2004 ,31 ,13
 28897, 28937, 29018,  29039 ,22.00 ,69.00 ,2004 ,31 ,13
 28897, 28958, 29018,  29039 ,22.00 ,69.00 ,2004 ,31 ,13
 28897, 28937, 29018,  29039 ,22.00 ,69.00 ,2004 ,31 ,13
 28897, 28937, 29018,  29039 ,22.00 ,69.00 ,2004 ,31 ,13
 28897, 28937, 29018,  29039 ,22.00 ,68.00 ,2004 ,31 ,13
 28897, 28937, 29018,  29039 ,22.00 ,69.00 ,2004 ,31 ,13
 28897, 28937, 29018,  29039 ,22.00 ,69.00 ,2004 ,31 ,13
 28917, 28937, 29018,  29039 ,22.00 ,69.00 ,2004 ,31 ,13
 28917, 28937, 29018,  29039 ,22.00 ,69.00 ,2004 ,31 ,13
 28917, 28937, 29018,  29039 ,22.00 ,69.00 ,2004 ,31 ,13
 28897, 28937, 28998,  29039 ,22.00 ,69.00 ,2004 ,31 ,13
 28897, 28937, 29018,  29039 ,22.00 ,69.00 ,2004 ,31 ,13
 28897, 28937, 29018,  29039 ,22.00 ,69.00 ,2004 ,31 ,13
 28897, 28937, 29018,  29039 ,22.00 ,69.00 ,2004 ,31 ,13
 28897, 28937, 29018,  29039 ,22.00 ,69.00 ,2004 ,31 ,13
 28897, 28937, 29018,  29039 ,22.00 ,69.00 ,2004 ,31 ,13
 28917, 28937, 28998,  29039 ,22.00 ,69.00 ,2004 ,31 ,13
 28897, 28937, 28998,  29039 ,22.00 ,69.00 ,2004 ,31 ,13
 28897, 28937, 29018,  29039 ,22.00 ,68.00 ,2004 ,31 ,13
 28917, 28958, 29018,  29039 ,22.00 ,69.00 ,2004 ,31 ,13
 28897, 28937, 29018,  29039 ,22.00 ,68.00 ,2004 ,31 ,13
 28897, 28937, 29018,  29059 ,22.00 ,69.00 ,2004 ,31 ,13
 28897, 28937, 29018,  29039 ,22.00 ,69.00 ,2004 ,31 ,13
 28897, 28937, 29018,  29039 ,22.00 ,69.00 ,2004 ,31 ,13
 28897, 28937, 29018,  29039 ,22.00 ,68.00 ,2004 ,31 ,13
 28897, 28937, 28998,  29039 ,22.00 ,68.00 ,2004 ,31 ,13
 28917, 28937, 29018,  29039 ,22.00 ,69.00 ,2004 ,31 ,13
 28897, 28937, 29018,  29039 ,22.00 ,69.00 ,2004 ,31 ,13
 28897, 28937, 29018,  29039 ,22.00 ,69.00 ,2004 ,31 ,13
 28897, 28937, 29018,  29039 ,22.00 ,69.00 ,2004 ,31 ,13
 28917, 28958, 29018,  29039 ,22.00 ,69.00 ,2004 ,31 ,13
 28897, 28937, 29018,  29039 ,22.00 ,69.00 ,2004 ,31 ,13
 28897, 28937, 29018,  29039 ,22.00 ,69.00 ,2004 ,31 ,13
 28897, 28937, 28998,  29039 ,22.00 ,69.00 ,2004 ,31 ,13
 28897, 28937, 29018,  29039 ,22.00 ,69.00 ,2004 ,31 ,13
 28917, 28937, 29018,  29039 ,22.00 ,69.00 ,2004 ,31 ,13
 28897, 28937, 29018,  29039 ,22.00 ,69.00 ,2004 ,31 ,13
 28897, 28937, 28998,  29039 ,22.00 ,69.00 ,2004 ,31 ,13
 28897, 28937, 29018,  29039 ,22.00 ,69.00 ,2004 ,31 ,13
 28897, 28937, 29018,  29039 ,22.00 ,69.00 ,2004 ,31 ,13
 28897, 28937, 29018,  29039 ,22.00 ,69.00 ,2004 ,31 ,13
 28897, 28937, 29018,  29039 ,22.00 ,69.00 ,2004 ,31 ,13
 28917, 28937, 29018,  29039 ,22.00 ,69.00 ,2004 ,31 ,13
 28917, 28958, 28998,  29059 ,22.00 ,69.00 ,2004 ,31 ,13
 28897, 28937, 29018,  29039 ,22.00 ,69.00 ,2004 ,31 ,13
 28897, 28937, 28998,  29039 ,22.00 ,69.00 ,2004 ,31 ,13
 28897, 28937, 29018,  29039 ,22.00 ,69.00 ,2004 ,31 ,13
 28917, 28937, 29018,  29039 ,22.00 ,69.00 ,2004 ,31 ,13
 28917, 28937, 29018,  29039 ,22.00 ,69.00 ,2004 ,31 ,13
 28897, 28958, 29018,  29039 ,22.00 ,69.00 ,2004 ,31 ,13
 28917, 28937, 29018,  29039 ,22.00 ,69.00 ,2004 ,31 ,13
 28897, 28958, 29018,  29039 ,22.00 ,69.00 ,2004 ,31 ,13
 28917, 28958, 29018,  29039 ,22.00 ,69.00 ,2004 ,31 ,13
 28897, 28958, 29018,  29039 ,22.00 ,69.00 ,2004 ,31 ,13
 28917, 28937, 29018,  29039 ,22.00 ,69.00 ,2004 ,31 ,13
 28917, 28937, 29018,  29039 ,22.00 ,69.00 ,2004 ,31 ,13
 28917, 28958, 29018,  29039 ,22.00 ,69.00 ,2004 ,31 ,13
 28897, 28958, 29018,  29039 ,22.00 ,69.00 ,2004 ,31 ,13
 28897, 28937, 29018,  29039 ,22.00 ,69.00 ,2004 ,31 ,13
 28897, 28937, 29018,  29039 ,22.00 ,69.00 ,2004 ,31 ,13
 28917, 28937, 29018,  29039 ,22.00 ,68.00 ,2004 ,31 ,13
 28897, 28937, 29018,  29039 ,22.00 ,69.00 ,2004 ,31 ,13
 28897, 28937, 29018,  29039 ,22.00 ,69.00 ,2004 ,31 ,13
 28897, 28937, 29018,  29039 ,22.00 ,69.00 ,2004 ,31 ,13
 28897, 28937, 29018,  29039 ,22.00 ,69.00 ,2004 ,31 ,13
 28917, 28937, 29018,  29039 ,22.00 ,69.00 ,2004 ,31 ,13
 28897, 28937, 28998,  29039 ,22.00 ,69.00 ,2004 ,31 ,13
 28917, 28937, 29018,  29039 ,22.00 ,69.00 ,2004 ,31 ,13
 28917, 28958, 29018,  29039 ,22.00 ,69.00 ,2004 ,31 ,13
 28897, 28937, 28998,  29039 ,22.00 ,69.00 ,2004 ,31 ,13
 28917, 28937, 29018,  29039 ,22.00 ,68.00 ,2004 ,31 ,13
 28917, 28958, 29018,  29039 ,22.00 ,69.00 ,2004 ,31 ,13
 28917, 28958, 29018,  29059 ,22.00 ,69.00 ,2004 ,31 ,13
 28917, 28958, 29018,  29059 ,22.00 ,69.00 ,2004 ,31 ,13
 28917, 28937, 29018,  29039 ,22.00 ,68.00 ,2004 ,31 ,13
 28917, 28937, 29018,  29059 ,22.00 ,69.00 ,2004 ,31 ,13
 28917, 28937, 29018,  29039 ,22.00 ,68.00 ,2004 ,31 ,13
 28917, 28958, 29018,  29039 ,22.00 ,68.00 ,2004 ,31 ,13
 28917, 28958, 29018,  29039 ,22.00 ,69.00 ,2004 ,31 ,13
 28917, 28958, 29018,  29059 ,22.00 ,69.00 ,2004 ,31 ,13
 28917, 28958, 29018,  29039 ,22.00 ,69.00 ,2004 ,31 ,13
 28917, 28958, 29018,  29039 ,22.00 ,69.00 ,2004 ,31 ,13
 28917, 28958, 29018,  29059 ,22.00 ,69.00 ,2004 ,31 ,13
 28917, 28958, 29018,  29039 ,22.00 ,69.00 ,2004 ,31 ,13
 28897, 28958, 29018,  29039 ,22.00 ,69.00 ,2004 ,31 ,13
 28897, 28958, 29018,  29039 ,22.00 ,69.00 ,2004 ,31 ,13
 28917, 28958, 29018,  29059 ,22.00 ,68.00 ,2004 ,31 ,13
 28917, 28958, 29018,  29039 ,22.00 ,69.00 ,2004 ,31 ,13
 28917, 28958, 29018,  29039 ,22.00 ,69.00 ,2004 ,31 ,13
 28897, 28958, 29018,  29039 ,22.00 ,69.00 ,2004 ,31 ,13
 28897, 28958, 29018,  29039 ,22.00 ,69.00 ,2004 ,31 ,13
 28897, 28937, 29018,  29039 ,22.00 ,69.00 ,2004 ,31 ,13
 28917, 28937, 29018,  29039 ,22.00 ,69.00 ,2004 ,31 ,13
 28937, 28937, 29018,  29059 ,22.00 ,68.00 ,2004 ,31 ,13
 28917, 28958, 29018,  29059 ,22.00 ,69.00 ,2004 ,31 ,13
 28937, 28958, 29018,  29039 ,22.00 ,69.00 ,2004 ,31 ,13
 28917, 28958, 29018,  29059 ,22.00 ,69.00 ,2004 ,31 ,13
 28917, 28958, 29018,  29039 ,22.00 ,69.00 ,2004 ,31 ,13
 28917, 28958, 29018,  29039 ,22.00 ,69.00 ,2004 ,31 ,13
 28897, 28937, 29018,  29039 ,22.00 ,68.00 ,2004 ,31 ,13
